time,intensity_400,intensity_600,intensity_800
0,0.125,1.125,1.25
0.04,0.375,0.5,1.5
0.08,0.5,1.375,0.75
0.12,0.25,0.75,0.75
0.16,0.375,0.75,1.75
0.2,0.25,0.75,1.375
0.24,0.125,1.125,1.75
0.28,0.125,1,0.625
0.32,0.25,1.125,1.5
0.36,0.375,0.25,0.875
0.4,0.125,0.875,1.25
0.44,0.75,0.75,2
0.48,0.25,0.375,0.75
0.52,0.25,0.875,1.375
0.56,0.5,1.75,2.125
0.6,0,0.875,1
0.64,0.125,1.625,1.375
0.68,0.5,0.375,1.5
0.72,2.625,1.125,1.125
0.76,4.5,0.75,1.25
0.8,0.625,0.75,0.5
0.84,0.5,0.625,3.0195
0.88,0.625,0.75,5.793
0.92,0.625,1.125,2.2555
0.96,0.5,0.75,1.125
1,0,1.25,1.875
1.04,0.25,1,1.625
1.08,0.125,0.5,1.625
1.12,0.5,1,0.875
1.16,0.375,0.875,1.75
1.2,0.375,2.763875,1.625
1.24,0.375,6.236125,1.125
1.28,0.125,1.361125,2.625
1.32,0.5,0.625,0.375
1.36,0.25,1.125,1
1.4,0.125,0.75,1.125
1.44,0.25,0.625,1.25
1.48,0.25,1.125,0.75
1.52,0.5,1.375,0.875
1.56,0.125,0.875,1.5
1.6,0.125,1.125,1.375
1.64,0.125,0.875,1.25
1.68,0.25,0.375,1
1.72,0.125,1.25,1
1.76,0.125,0.875,1.375
1.8,0.25,1.375,1.25
1.84,0.125,1,1.5
1.88,0.125,0.625,1.625
1.92,0.375,1.25,1.25
1.96,0.75,1.5,1.75
2,0.625,0.75,1.75
2.04,0.25,1,1
2.08,0.5,0.375,1.375
2.12,0.25,1.25,2.625
2.16,0.25,1.5,1
2.2,0.125,0.375,0.75
2.24,2.375,0.75,1.375
2.28,4,1,0.875
2.32,0.75,1,1.125
2.36,0.375,1.25,3.020875
2.4,0.375,1.5,3.279125
2.44,0.5,2,1.87775
2.48,0.375,0.5,0.75
2.52,0.625,0.625,1
2.56,0.5,0.75,1.125
2.6,0.75,0.75,0.875
2.64,0.25,0.375,1.375
2.68,0.25,0.5,1.375
2.72,0.125,3.291625,1.5
2.76,0.25,3.708375,1.625
2.8,0.375,1.1805,1.25
2.84,0.125,0.875,1
2.88,0.375,0.75,0.625
2.92,0.5,0.625,1.625
2.96,0.25,0.875,1.125
3,0.625,0.875,1.5
3.04,0.375,0.875,2
3.08,0.5,1.25,1.625
3.12,0.125,0.625,0.75
3.16,0.625,0.75,1.625
3.2,0.375,1.125,1.75
3.24,0.25,0.5,0.875
3.28,0.125,1,1
3.32,0.25,0.75,1.875
3.36,0.125,0.5,1.25
3.4,0.75,1.75,0.875
3.44,0.5,0.5,1.375
3.48,0.125,0.875,1.375
3.52,0.25,0.5,1.375
3.56,0,1,1.25
3.6,0.625,1.375,1.25
3.64,0.625,1.125,1
3.68,0.125,1,1.375
3.72,0.375,0.625,1.375
3.76,2.125,1.125,1.375
3.8,2.75,1,1.5
3.84,0.375,0.875,1.125
3.88,0.125,0.25,2.011125
3.92,0.125,1.375,7.05975
3.96,0.25,1,1.886125
4,0.125,0.875,1.376375
4.04,0.25,0.75,1.75
4.08,0.625,0.875,1.5
4.12,0.375,0.75,1.5
4.16,0.5,0.625,1.875
4.2,0.375,0.375,1.25
4.24,0.5,1.72225,1.5
4.28,0.375,6.9445,0.875
4.32,0.125,2.22225,2
4.36,0.5,0.77775,1.375
4.4,0.125,0.625,1.375
4.44,0.375,0.5,1.25
4.48,0,0.875,0.5
4.52,0.5,0.375,2
4.56,0,0.375,1.125
4.6,0.125,0.5,1.25
4.64,0.125,1.25,1.5
4.68,0.125,0.5,0.625
4.72,0.25,0.75,2.5
4.76,0.25,1,1.125
4.8,0.375,1.125,1.625
4.84,0.5,0.875,2.75
4.88,0.375,0.75,1.5
4.92,0.75,0.5,1.625
4.96,0.375,0.875,1.25
5,0.375,0.875,1.125
5.04,0.625,0.375,1.625
5.08,0.25,0.5,1.25
5.12,0.375,0.625,1.125
5.16,0.125,0.75,0.875
5.2,0.5,0.625,0.875
5.24,0.125,0.5,1.25
5.28,1.125,0.375,2.625
5.32,5.625,0.875,1.125
5.36,1.375,0.875,0.625
5.4,0.5,1.25,3.0125
5.44,0.125,1.25,4.1625
5.48,0.25,0.625,2.1375
5.52,0.125,0.625,1.125
5.56,0.75,0.5,2
5.6,0.25,0.75,1.875
5.64,0.25,0.875,0.5
5.68,0.375,0.75,1.75
5.72,0.25,1,1.375
5.76,0.375,2.375,2.125
5.8,0.875,4.75,1.625
5.84,0.25,3,1.375
5.88,0.375,1.375,1.375
5.92,0.25,0.75,1.125
5.96,0.75,1,1.125
6,0.25,1.875,1.75
6.04,0.125,0.75,1.25
6.08,0.375,0.75,0.5
6.12,0.125,1.875,1.75
6.16,0.125,0.625,1.125
6.2,0.25,0.625,1.75
6.24,0.375,0.625,2
6.28,0.25,0.875,1
6.32,0.375,0.75,1.375
6.36,0.5,1.5,1.625
6.4,0.25,0.375,1.375
6.44,0.375,1.125,1.375
6.48,0.375,1,1
6.52,0.625,0.75,1.25
6.56,0.375,0.625,1.125
6.6,0,1,0.875
6.64,0.25,0.5,1.75
6.68,0.125,0.625,1.5
6.72,0.125,1.375,1.875
6.76,0.25,0.75,0.875
6.8,1.5,0.5,1.5
6.84,3.75,0.375,1.625
6.88,1.25,0.375,1.5
6.92,0.75,1.25,1.132
6.96,0.375,1,4.9125
7,0.125,0.5,1.89025
7.04,0,0.5,1.75
7.08,0.125,0.5,1.125
7.12,0.25,0.25,1.5
7.16,0.5,1.125,1.625
7.2,0.25,0.875,1.25
7.24,0,0.625,1.625
7.28,0.5,2.388875,1
7.32,0.375,5,1.25
7.36,0.625,3.0555,1.125
7.4,0.125,1,0.875
7.44,0.625,1.125,1
7.48,0.125,0.625,0.625
7.52,0.375,0.375,1.375
7.56,0.5,0.625,0.875
7.6,0.375,1.625,0.25
7.64,0.25,0.75,1.75
7.68,0.5,0.875,0.625
7.72,0.125,0.5,1.125
7.76,0.375,0.375,1.125
7.8,0.375,0.375,2.875
7.84,0.125,0.375,1.125
7.88,0.625,0.75,1.375
7.92,0.25,1.125,1.25
7.96,0.5,0.375,1
8,0.25,0.5,1.25
8.04,0.5,0.625,1.25
8.08,0.5,1.5,1.5
8.12,0.125,0.75,1.125
8.16,0,1.125,1
8.2,0.125,1.375,1.625
8.24,0.125,0.75,1
8.28,0.25,0.75,1.25
8.32,0.875,0.625,1.5
8.36,4,0.875,0.75
8.4,1.75,1.125,0.875
8.44,0.25,0.625,2.126375
8.48,0.25,0.75,4.6625
8.52,0.5,0.875,3.520875
8.56,0.25,0.5,1.375
8.6,0.375,0.625,1.5
8.64,0.5,1,1.25
8.68,0.125,0.375,0.875
8.72,0.375,0.75,0.875
8.76,0.625,0.625,1.25
8.8,0.25,1.15275,1.375
8.84,0.125,4.625,1.875
8.88,0.25,3.541625,1.125
8.92,0.125,0.875,1.25
8.96,0.375,0.5,0.875
9,0.625,0.5,1
9.04,0.625,0.75,1
9.08,0.375,1.125,1.625
9.12,0.375,0.75,1.625
9.16,0.5,0.75,1.375
9.2,0.5,1,1.375
9.24,0.5,0.5,1.25
9.28,0.25,0.75,2.125
9.32,0.125,0.75,0.875
9.36,0.75,1.25,0.5
9.4,0.125,1.375,1.625
9.44,0.375,1.375,1.375
9.48,0.125,0.5,1.625
9.52,0.25,0.875,1
9.56,0.625,0.875,1.375
9.6,0.375,0.625,1.25
9.64,0.5,0.75,0.875
9.68,0.875,0.75,1.25
9.72,0.125,1.125,1.375
9.76,0.375,1.375,0.75
9.8,0.25,1,0.875
9.84,0.375,0.625,1.5
9.88,3.5,0.625,1
9.92,2.125,1,0.875
9.96,0.875,0.625,1.882
10,0.375,0.625,4.52775
10.04,0.125,0.75,5.041625
10.08,0.75,0.875,1.001375
10.12,0.5,1.25,1.625
10.16,0.25,0.5,1
10.2,0.5,1,1.375
10.24,0.75,1.25,1.75
10.28,0.125,0.625,1.625
10.32,0.5,1.388875,2.125
10.36,0.75,4.0555,0.875
10.4,0.125,5.208375,2
10.44,0.125,0.65275,1.125
10.48,0.25,0.875,1.375
10.52,0.25,1.5,1.875
10.56,0.25,1,1.25
10.6,0.25,0.75,0.75
10.64,0.5,0.875,1.25
10.68,0.375,0.75,1.875
10.72,0.5,1.125,1.5
10.76,0.625,0.75,0.75
10.8,0.75,0.375,1.125
10.84,0.125,1,1.25
10.88,0.5,1.375,1.375
10.92,0.25,0.5,1.375
10.96,0.375,0.875,1.375
11,0.125,1,0.75
11.04,0.375,0.375,0.75
11.08,0.375,0.125,1.75
11.12,0,0.875,1.5
11.16,0.125,1,1.375
11.2,0.375,0.75,2
11.24,0.625,1,0.75
11.28,0.375,0.75,1.5
11.32,0,0.375,1
11.36,0.75,1,1.75
11.4,2.875,1.25,1.25
11.44,3.875,0.75,1.5
11.48,0.5,1.125,1.25
11.52,0.5,0.625,2.263875
11.56,0.25,0.625,4.65975
11.6,0.125,1,1.126375
11.64,0.5,0.75,1.125
11.68,0.125,0.625,1.5
11.72,0.5,0.625,1.375
11.76,0.375,1,0.875
11.8,0.5,1.375,1.25
11.84,0.25,0.375,1
11.88,0.5,2.15275,0.375
11.92,0.375,4.5695,1.625
11.96,0.375,0.77775,1.625
12,0.625,0.875,2
12.04,0,0.625,1.5
12.08,0.125,1,1.25
12.12,0.625,0.5,1
12.16,0,0.625,1.125
12.2,0.25,0.75,0.625
12.24,0.375,1.125,1.375
12.28,0.375,1,1.125
12.32,0.25,0.625,1
12.36,0.25,0.75,1.5
12.4,0.5,0.625,1.625
12.44,0.375,0.5,1
12.48,0.625,0.75,1.625
12.52,0.25,0.375,1.125
12.56,0.5,1,1.25
12.6,0.625,0.625,1.5
12.64,0.125,0.625,2.125
12.68,1.125,0.625,1.5
12.72,0.75,0.625,0.75
12.76,0.25,1,1.75
12.8,0.125,1,1.75
12.84,0.25,1,1.375
12.88,0.125,0.875,1.875
12.92,1.5,1.25,1.125
12.96,3.375,0.5,1.5
13,0.5,1.25,1.25
13.04,0.125,1.25,3.275
13.08,0.375,0.625,5.168
13.12,0.25,0.75,1.001375
13.16,0.625,1,1.875
13.2,0.25,1.625,0.625
13.24,0.375,0.75,1.625
13.28,0.375,0.75,1.625
13.32,0.125,0.375,1.375
13.36,0.625,1.25,1.125
13.4,0.25,4.125,1.625
13.44,0.625,5.236125,1
13.48,0.375,0.77775,1.25
13.52,0.125,1.25,1.375
13.56,0.625,0.5,1.125
13.6,0.5,0.625,1.875
13.64,0.25,1.25,1.375
13.68,0.375,0.375,0.375
13.72,0.125,0.75,1.375
13.76,0.5,1.125,1.375
13.8,0.25,0.25,2.125
13.84,0.375,0.875,1.75
13.88,0.875,1.125,1
13.92,0.375,1.125,2
13.96,0.625,0.75,1.25
14,0.125,0.75,0.875
14.04,0.5,0.875,1.125
14.08,0,0.25,1.5
14.12,0.25,0.75,1.125
14.16,0.25,0.5,1.125
14.2,0.125,0.5,0.625
14.24,0.375,0.375,0.875
14.28,0.375,0.375,1.5
14.32,0.125,0.625,1.375
14.36,0.375,1,2
14.4,0.125,0.625,1.75
14.44,2.25,1,1.25
14.48,4,0.875,1.125
14.52,0.75,0.625,1.876375
14.56,0.75,0.875,2.263875
14.6,0.25,0.25,5.29025
14.64,0.375,0.75,0.879125
14.68,0.25,1.125,1.875
14.72,0.375,1,1.5
14.76,0.125,1,1.5
14.8,0.125,0.625,1.25
14.84,0.5,0.75,0.75
14.88,0.625,0.65275,1.5
14.92,0.375,2.02775,1.125
14.96,0.25,5.4305,2
15,0.5,1.083375,1.25
15.04,0.75,1.125,0.75
15.08,0.5,0.625,1.375
15.12,0.125,0.625,0.5
15.16,0.875,0.875,1.25
15.2,0.375,1,0.875
15.24,0.25,0.625,1.25
15.28,0.375,0.5,1.125
15.32,0.125,0.125,0.875
15.36,0.125,1,1.5
15.4,0.375,1,0.75
15.44,0.25,1.375,1.375
15.48,0.125,0.5,1
15.52,0.25,0.875,1.5
15.56,0.375,1.375,0.875
15.6,0.75,1,1.375
15.64,0.5,1.625,1.375
15.68,0.125,1.375,0.5
15.72,0,1.5,0.75
15.76,0.625,0.625,1
15.8,0.375,0.5,1.125
15.84,0.375,1.125,1.75
15.88,0.5,2,1.375
15.92,0.375,0.375,1.5
15.96,1.25,0.625,1.125
16,4,0.625,1.125
16.04,0.625,1.125,1.501375
16.08,0.5,0.875,1.88475
16.12,0.875,0.75,5.170875
16.16,0.75,0.125,1.258375
16.2,0.375,0.625,1.375
16.24,0.125,1.5,1.5
16.28,0.25,0.75,1
16.32,0.375,0.875,1.5
16.36,0.125,0.75,2
16.4,0.625,0.77775,0.625
16.44,0.125,1.8195,0.75
16.48,0.625,5.541625,2
16.52,0.625,1.916625,1.25
16.56,0.75,0.5,1
16.6,0.125,1,1.25
16.64,0.375,1.125,0.375
16.68,0.25,0.75,1.5
16.72,0.375,1,0.625
16.76,0.5,0.875,1.5
16.8,0.375,0.625,1.375
16.84,0.75,1,0.875
16.88,0.125,0.5,0.875
16.92,0.125,1.125,1.75
16.96,0.25,0.75,1
17,0.25,0.625,0.625
17.04,0.375,0.25,1.625
17.08,0.5,0.875,0.75
17.12,0.25,1.375,1
17.16,0.125,0.25,1.375
17.2,0.375,0.875,1
17.24,0.25,1,1.5
17.28,0.25,0.25,0.625
17.32,0.375,1.25,1.25
17.36,0,1.125,1.5
17.4,0.125,0.875,1.75
17.44,0.375,0.75,2
17.48,1.25,0.375,2.75
17.52,4.125,1.125,1.5
17.56,1.5,0.875,1.5
17.6,0.375,0.25,1.63475
17.64,0.25,1.125,6.295875
17.68,0.75,0.75,2.763875
17.72,0.375,1.375,1.875
17.76,0.5,0.625,0.875
17.8,0.625,0.75,1.25
17.84,0.5,0.375,1.375
17.88,0,0.625,1.625
17.92,0.625,0.625,0.75
17.96,0.25,2.1945,1.375
18,0.5,6.541625,1.5
18.04,0.375,2.27775,1.75
18.08,0.25,1.375,1.375
18.12,0.25,1,1.375
18.16,0,0.5,0.625
18.2,0.625,0.75,1
18.24,0.25,0.875,1.375
18.28,0.125,0.75,1.75
18.32,0.5,0.75,1.5
18.36,0.25,1.125,1
18.4,0.75,0.875,0.75
18.44,0.125,1,1.5
18.48,0.25,0.375,1.25
18.52,0.125,0.875,0.625
18.56,0.5,1,1.25
18.6,0.25,1,1.5
18.64,0.25,0.625,1.625
18.68,0.25,0.875,1.625
18.72,0.25,0.375,2
18.76,0.125,1.25,1.25
18.8,0,1.125,1.625
18.84,0.125,1,0.75
18.88,0.625,0.625,1.25
18.92,0.5,1,1.75
18.96,0,1,1.25
19,1.5,1.375,1.875
19.04,5,0.375,1.625
19.08,1.75,0.625,0.75
19.12,0.5,0.5,1.254125
19.16,0.5,0.875,3.5305
19.2,0.125,0.125,2.26525
19.24,0.125,0.75,1.126375
19.28,0.25,0.75,1.25
19.32,1,0.75,1
19.36,0.25,0.875,0.75
19.4,0.375,1,1.375
19.44,0.125,0.5,1.375
19.48,0.5,1.333375,0.625
19.52,0.25,4.236125,0.75
19.56,0,3.0555,1.5
19.6,0.25,1.40275,0.875
19.64,0,0.5,2.125
19.68,0.125,0.5,1.625
19.72,0.25,0.625,1.125
19.76,0.125,0.875,1
19.8,0.625,0.625,1.125
19.84,0.625,0.5,1.125
19.88,0.5,0.625,1.375
19.92,0.125,0.5,1.875
19.96,0.125,1.125,1.125
20,0.125,0.625,1.25
20.04,0.25,1,1.875
20.08,0.25,0.625,2.375
20.12,0.625,0.25,1.5
20.16,0.5,0.5,0.5
20.2,0.125,0.625,1.5
20.24,0.375,0.5,0.875
20.28,0.75,1.375,0.625
20.32,0.125,0.375,0.75
20.36,0.25,0.875,1.375
20.4,0.5,0.75,1.125
20.44,0.875,0.5,1.375
20.48,0.5,1.875,1.25
20.52,0.875,0.75,1.375
20.56,3,0.625,1.375
20.6,1.75,0.875,1.375
20.64,0.25,1.875,1.126375
20.68,0.625,0.375,4.283375
20.72,0.375,1,3.64725
20.76,0.5,0.75,1.25
20.8,0.125,0.5,1.625
20.84,0.625,1,1
20.88,0.625,0.625,1.25
20.92,0.125,0.5,0.75
20.96,0.5,0.75,1.5
21,0.25,1.90275,1.875
21.04,0.125,3.916625,1.375
21.08,0.5,3.5695,1.25
21.12,0.125,1.25,1.625
21.16,0.25,0.75,1
21.2,0.625,0.75,2
21.24,0.25,0.25,1.5
21.28,0.5,0.875,1.625
21.32,0.125,0.375,1.125
21.36,0.5,0.75,1.375
21.4,0.625,0.25,1.25
21.44,0.375,1.5,0.875
21.48,0.375,0.875,1.625
21.52,0.5,0.375,1
21.56,0.75,0.875,1.375
21.6,0.125,0.5,1.625
21.64,0,1,1.5
21.68,0.375,1,0.875
21.72,0.125,1.25,1.375
21.76,0.25,0.5,1
21.8,0.375,1,0.75
21.84,0.25,1.125,1.5
21.88,0.25,0.625,1.375
21.92,0.125,1.375,1.75
21.96,0.125,1.25,1.25
22,0.625,1,1.375
22.04,0.375,0.5,1.125
22.08,3.5,1.25,0.625
22.12,2.5,0.75,1.375
22.16,0.125,0.5,1.001375
22.2,0.125,2,4.163875
22.24,0.25,0.875,3.651375
22.28,0.375,1.125,1.12775
22.32,0.5,0.875,1.375
22.36,0.5,0.625,1
22.4,0.5,1.75,1.125
22.44,0,0.625,1.875
22.48,0.25,0.75,0.875
22.52,0.375,0.52775,0.625
22.56,0.125,4.77775,2.125
22.6,0.5,3.77775,1.25
22.64,0,1.1805,1.125
22.68,0.375,1.25,1
22.72,0.25,0.75,1.25
22.76,0,0.875,1.25
22.8,0.5,0.875,1
22.84,0.125,0.875,0.75
22.88,0.125,1.125,0.875
22.92,0.25,0.375,1.125
22.96,0.125,1.125,0.375
23,0.5,0.25,1
23.04,0.25,0.875,0.875
23.08,0.125,1.125,1.125
23.12,0.375,1,1.25
23.16,0.25,1.25,0.625
23.2,0,0.625,1.625
23.24,0.25,0.875,1.125
23.28,0.25,1.25,1
23.32,0,1.25,1.5
23.36,0.25,0.625,1.25
23.4,0.25,0.75,1.125
23.44,0.25,1.375,1.5
23.48,0.5,1,1.5
23.52,0.5,1,1.5
23.56,0.5,0.75,1.25
23.6,3.875,0.75,1.75
23.64,3.25,0.375,1
23.68,0.5,0.875,0.875
23.72,0.25,0.375,3.776375
23.76,0.25,1.125,5.17225
23.8,0.125,0.5,1.504125
23.84,0.375,0.75,1.125
23.88,0.5,0.625,1.25
23.92,0.375,1,0.75
23.96,0.625,0.875,2.375
24,0.625,1.25,2
24.04,0.125,0.5,1.375
24.08,0.125,3.52775,1.625
24.12,0.125,5.6945,1.125
24.16,0.25,1.458375,1.375
24.2,0.5,0.5,1.5
24.24,0.375,1.125,1.25
24.28,0.75,1.125,0.625
24.32,0.125,0.625,1
24.36,0.25,0.75,0.625
24.4,0.375,0,1.5
24.44,0.5,1,2.5
24.48,0.25,0.875,1.625
24.52,0.25,0.625,1.5
24.56,0.25,0.75,1.875
24.6,0.625,0.875,1.125
24.64,0.875,0.625,1.875
24.68,0,0.5,1
24.72,0.375,0.375,1.125
24.76,0.375,0.5,1
24.8,0.125,1.5,1.125
24.84,0.375,1,0.5
24.88,1,0.375,1.25
24.92,0.25,1.125,0.875
24.96,0.875,0.5,0.875
25,0.5,0.5,1.75
25.04,0.625,0.875,0.875
25.08,0.5,0.75,1.5
25.12,2.625,0.875,1.125
25.16,4.625,1.25,1.125
25.2,0.5,0.75,0.5
25.24,0.125,0.75,3.1445
25.28,0.625,0.75,3.275
25.32,0.5,0.875,2.257
25.36,0.5,0.75,1
25.4,0.5,1,1.125
25.44,0.5,0.5,1.5
25.48,0.125,0.875,0.75
25.52,0.125,1.25,1
25.56,0.125,0.875,2.5
25.6,0.125,2.888875,1.75
25.64,0.375,3.25,1
25.68,0.375,2.263875,1
25.72,0.375,0.875,1.25
25.76,0,0.5,1.5
25.8,0.125,0.625,1.125
25.84,0.25,1.125,1.75
25.88,0.25,0.5,1.125
25.92,0.625,1.625,1.75
25.96,0.125,1.375,1.5
26,0.25,0.75,1.125
26.04,0,0.625,0.875
26.08,0.375,0.875,1.375
26.12,0.375,1.125,1.375
26.16,0.125,1,1.5
26.2,0.25,0.625,1.25
26.24,0.25,1.625,0.75
26.28,0.125,0.375,1.75
26.32,0,1.25,1.5
26.36,0.25,1.375,1.25
26.4,0.25,0.5,1.625
26.44,0.125,0.25,1.5
26.48,0.375,0.875,1
26.52,0.375,1,1.875
26.56,0.25,0.25,1.125
26.6,0.25,0.375,1.375
26.64,2.25,0.875,1.75
26.68,2.5,0.625,0.75
26.72,0.875,1,1.625
26.76,0.5,0.25,1.507
26.8,0.125,1,3.908375
26.84,0.125,0.5,3.25975
26.88,0,0.5,1.625
26.92,0.5,1.125,1
26.96,0.375,1,1.5
27,0,0.875,0.625
27.04,0.625,1,1.75
27.08,0.375,0.5,1.375
27.12,0.25,2.013875,1.5
27.16,0.5,4.166625,1.625
27.2,0.25,2.0695,1.375
27.24,0.25,1.25,0.875
27.28,0.25,0.75,2.375
27.32,0.375,1,1.25
27.36,0.25,1.125,0.875
27.4,0.125,0.375,1
27.44,0.5,1,2.125
27.48,0.875,1.125,1.25
27.52,0.5,1,1
27.56,0.25,2.25,1.75
27.6,0.25,0.625,1.125
27.64,0.5,0.625,2.125
27.68,0.25,1,1.625
27.72,0,0.875,1.875
27.76,0.25,1,1.5
27.8,0.25,1,1
27.84,0.75,0.5,0.75
27.88,0.125,1,1.5
27.92,0.5,0.625,1.625
27.96,0.25,0.5,1
28,0.125,0.625,1.625
28.04,0.375,1.25,1
28.08,0.125,0.625,0.625
28.12,0.125,0.875,1.25
28.16,1,1.25,1.25
28.2,3.375,0.75,1.75
28.24,1.5,0.625,1.625
28.28,0.625,0.75,2.0055
28.32,0.375,0.75,4.29025
28.36,0.25,0.75,2.136125
28.4,0.25,0.625,1.5
28.44,0.25,1,1.625
28.48,0.375,0.625,1.375
28.52,0.375,0.625,1.625
28.56,0.25,1.125,1.375
28.6,0.25,0.875,1
28.64,0.125,1.236125,1.125
28.68,0.375,5.6805,0.625
28.72,0.75,2.47225,0.75
28.76,0.25,1.125,2.125
28.8,0.25,0.5,2.25
28.84,0.5,0.75,1.75
28.88,0.5,0.5,1.125
28.92,0.75,0.625,1.125
28.96,0.375,0.875,1.375
29,0.125,0.875,1.25
29.04,0.5,0.5,1.625
29.08,0.375,0.875,0.75
29.12,0.375,0.875,1.375
29.16,0,0.75,1.875
29.2,0,0.75,1.5
29.24,0.25,0.5,1.375
29.28,0.5,1.25,1
29.32,0.5,0.375,1.125
29.36,0.125,0.625,0.875
29.4,0.625,1.25,1.625
29.44,0.25,0.375,1.5
29.48,0.625,1.25,2.125
29.52,0.375,0.5,0.875
29.56,0.125,1.125,1.125
29.6,0.625,0.375,0.875
29.64,0.125,1.375,1.375
29.68,1.25,0.75,1.125
29.72,4,0.75,1.625
29.76,1.75,0.5,1.375
29.8,0.5,0.75,1.626375
29.84,0.5,0.75,5.918
29.88,0.125,0.625,3.1445
29.92,0.875,0.875,1.126375
29.96,0.25,1.375,1.75
30,0.25,0.5,1.375
30.04,0.25,1.125,1.5
30.08,0.5,0.875,1.125
30.12,0.5,0.625,2.125
30.16,0.625,0.65275,1
30.2,0.5,5.236125,1
30.24,0,3.138875,1.625
30.28,0.125,0.40275,1.25
30.32,0.375,0.875,1.25
30.36,0.375,0.5,1.375
30.4,0.25,0.375,1.375
30.44,0.5,0.75,1.5
30.48,0.25,0.625,0.625
30.52,0.625,0.75,1.375
30.56,0.25,0.625,1.25
30.6,0.375,0.25,1
30.64,0.125,0.625,1.375
30.68,0.5,0.75,1.75
30.72,0.375,0.875,1.625
30.76,0.125,1.5,2.875
30.8,0.25,0.75,1.75
30.84,0.25,0.5,1.25
30.88,0.375,0.875,0.875
30.92,0.5,1.25,1.125
30.96,0.125,0.75,1.25
31,0.5,1.25,1.125
31.04,0.375,0.625,1.5
31.08,0.75,1,1.25
31.12,0.25,0.75,1.5
31.16,0.5,1,1.5
31.2,0.25,1.125,2.375
31.24,3.875,0.625,1.625
31.28,2.125,1,1.125
31.32,0.5,0.75,1.12775
31.36,0.125,0.25,4.791625
31.4,0.625,0.625,3.525
31.44,0.5,0.75,1.5
31.48,0.625,0.625,1.375
31.52,0.25,0.75,1
31.56,0.5,0.125,1.625
31.6,0.25,0.375,1.125
31.64,0.125,0.625,1.25
31.68,0.25,0.6805,1.375
31.72,0.375,5.083375,1.875
31.76,0.625,3.375,0.75
31.8,0.5,1.375,1.375
31.84,0.125,1.25,1.25
31.88,0,1.125,1.375
31.92,0.125,0.875,0.875
31.96,0.125,1.25,1.875
32,0.25,1.125,1.875
32.04,0,0.375,1.75
32.08,0.625,0.625,1.5
32.12,0.5,1.25,0.75
32.16,0.5,0.875,0.75
32.2,0.125,0.875,0.75
32.24,0.625,0.5,0.625
32.28,0.25,1.125,1.5
32.32,0.375,1,1.375
32.36,0.25,0.5,1.125
32.4,0.375,0.125,1.125
32.44,0.25,0.25,1.75
32.48,0.25,1,1.5
32.52,0.25,0.5,1.75
32.56,0,0.625,1.75
32.6,0.125,1.125,0.875
32.64,0.25,0.375,1.75
32.68,0.375,0.875,0.625
32.72,0.5,0.25,1.375
32.76,4.25,0.625,1.625
32.8,2.5,1.375,1.5
32.84,0.25,0.875,1.376375
32.88,0.5,0.5,6.293
32.92,0.375,0.875,3.654125
32.96,0.375,0.875,1.62775
33,0.125,0.25,1.25
33.04,0.375,2,1.75
33.08,0.5,0.875,1.875
33.12,0,0.75,1.75
33.16,0.375,0.625,2.25
33.2,0.375,1.27775,1.125
33.24,0.25,5.611125,1.875
33.28,0.375,3.958375,1.875
33.32,0.375,0.5555,1
33.36,0.375,0.375,0.875
33.4,0.875,1.125,1.75
33.44,0.375,1,1.125
33.48,0,0.5,0.625
33.52,0.375,1.125,2
33.56,0.375,0.75,1.25
33.6,0.375,1,1.25
33.64,0.125,1.375,1
33.68,1,0.625,1.125
33.72,0.125,1.5,1.75
33.76,0.5,1.375,1.5
33.8,0.5,0.875,1.5
33.84,0.625,0.75,1
33.88,0.5,0.875,1.125
33.92,0.25,1.125,1.75
33.96,0.125,0.375,1.125
34,0.125,0.75,1.125
34.04,0.375,1.125,1.625
34.08,0.5,0.875,1.125
34.12,0.875,0.625,1.25
34.16,0.25,0.25,1.375
34.2,0.125,1.25,1.25
34.24,0.5,0.75,1.625
34.28,4.25,0.625,0.625
34.32,2.875,0.25,1.75
34.36,0.625,1.25,0.625
34.4,0.5,0.375,4.029125
34.44,0.375,0.625,4.411125
34.48,0.375,0.75,1.751375
34.52,0.625,0.625,0.625
34.56,0.625,1.25,1
34.6,0.25,0.5,1.125
34.64,0.875,0.375,1.25
34.68,0.375,0.5,1
34.72,0.375,0.75,0.875
34.76,0.25,4.083375,1
34.8,0.25,4.72225,0.875
34.84,0.375,1.15275,1.5
34.88,1,0.5,1.25
34.92,0.125,0.5,1.375
34.96,0.25,1,1.75
35,0.25,0.375,1.125
35.04,0.375,0.625,1.625
35.08,0.375,0.5,1.625
35.12,0.375,1,0.875
35.16,0.125,0.875,2.25
35.2,0.375,1.125,1.125
35.24,0.625,0.75,1.125
35.28,0.25,0.75,1.25
35.32,0.5,1,1.5
35.36,0.5,0.75,0.5
35.4,0,0.375,1.25
35.44,0.375,0.625,1.5
35.48,0.375,1,1.75
35.52,0.25,0.5,1.75
35.56,0.5,0.375,0.625
35.6,0.5,1.375,1.25
35.64,0.875,0.625,1.5
35.68,0.875,1.75,1.75
35.72,0.375,1.125,1.25
35.76,0.25,0.5,1.5
35.8,2.875,0.75,0.875
35.84,3.75,0.5,1.375
35.88,0.5,1.125,1.251375
35.92,0.125,0.5,3.52225
35.96,0.25,0.75,5.0445
36,0.375,0.375,1.504125
36.04,0.375,0.75,0.625
36.08,0.625,0.75,1.125
36.12,0.125,1.25,1.625
36.16,0.125,1.125,1.75
36.2,0.25,1.375,1.5
36.24,0,1.02775,2.625
36.28,0.125,3.4445,1.25
36.32,0.375,5.513875,0.875
36.36,0.25,1.458375,1.125
36.4,0.5,0.625,1
36.44,0.875,0.75,1.125
36.48,0.625,1.375,0.875
36.52,0.25,0.75,1.5
36.56,0.5,1.375,1.25
36.6,0.375,0.5,1.625
36.64,0.25,0.375,1.375
36.68,0.125,0.75,1.625
36.72,0.5,0.75,1.125
36.76,0,0.875,1.375
36.8,0.5,0.75,0.875
36.84,0.125,1.5,1.125
36.88,0.25,0.75,0.75
36.92,0.5,0.5,1.5
36.96,0.125,1.125,2.5
37,0.5,1.125,0.875
37.04,0.5,0.875,1
37.08,0.25,1,0.375
37.12,0.375,1.25,1.875
37.16,0.125,0.875,0.375
37.2,0.375,0.375,0.5
37.24,0.375,1.5,0.875
37.28,0.375,0.875,2
37.32,2.125,0.625,2.5
37.36,4.5,0.875,1.125
37.4,0.75,0.25,1.125
37.44,0.125,1,2.26525
37.48,0.875,0.875,5.42225
37.52,0.25,0.75,2.261125
37.56,0.125,0.625,0.75
37.6,0.125,0.75,1.375
37.64,0.25,0.5,1.5
37.68,0,0.875,1.375
37.72,0.25,1.125,1.625
37.76,0.25,1.375,0.875
37.8,0.5,2.8055,0.75
37.84,0.75,5.6945,2
37.88,0,1.72225,1.75
37.92,0.375,0.875,1.5
37.96,0.5,1.125,1.5
38,0.5,1.125,0.5
38.04,0.75,1.75,1.875
38.08,0.5,0.5,1.375
38.12,0.5,1.25,1.375
38.16,0.25,1,1.5
38.2,0.5,0.875,1.625
38.24,0.25,0.875,1.25
38.28,0.375,0.875,1.25
38.32,0.5,1.25,1.625
38.36,0.375,0.75,1.75
38.4,0.125,0.875,0.875
38.44,0.25,0.875,1.375
38.48,0.25,0.875,1.125
38.52,0.375,0.625,2.375
38.56,0.125,1.125,2
38.6,0.25,0.5,1.375
38.64,0.625,0.75,0.875
38.68,0.25,1.125,1
38.72,0.25,0.625,1.625
38.76,0.25,1.125,1.5
38.8,0.375,0.5,0.875
38.84,1.875,0.5,1.625
38.88,4.5,0.75,1
38.92,1.125,0.875,2.375
38.96,0,1.375,2.513875
39,0,0.75,4.791625
39.04,0.375,0.75,1.7555
39.08,0.25,1.375,1
39.12,0.375,0.625,1.125
39.16,0.125,0.625,1.125
39.2,0.375,0.75,0.875
39.24,0.25,0.5,1.625
39.28,0.125,0.625,1.25
39.32,0.375,2.15275,1.25
39.36,0.5,6.083375,1.75
39.4,0.5,0.986125,1.125
39.44,0.375,0.25,1.5
39.48,0.25,0.375,1.125
39.52,0.5,0.75,1.25
39.56,0.5,0.625,1.625
39.6,0.25,0.75,1
39.64,0.25,0.75,1.125
39.68,0.75,1.125,1.125
39.72,0.375,1,1.375
39.76,0.75,1,1
39.8,0.375,0.75,1.125
39.84,0.25,0.25,0.875
39.88,0.625,0.75,1.125
39.92,0,0.75,1.5
39.96,0,0.625,2.125
40,0.5,1.375,1.125
40.04,0.375,1.125,1
40.08,0.25,0.875,2.125
40.12,0.625,1.125,0.5
40.16,0.125,1,1.125
40.2,0.25,1,1.25
40.24,0.25,0.5,1.625
40.28,0.25,1.375,0.625
40.32,0.25,0.5,1.375
40.36,1.625,0.75,1.75
40.4,3.75,0.375,0.875
40.44,0.75,1.125,1.125
40.48,0.25,0.625,2.38475
40.52,0.125,0.5,4.1625
40.56,0.25,1,2.391625
40.6,0.625,0.875,0.875
40.64,0.125,1,1.25
40.68,0.375,1,2.125
40.72,0.75,0.5,1.5
40.76,0.25,0.5,1.75
40.8,0.125,0.75,1.375
40.84,0.125,2.1945,1.25
40.88,0.375,5,1.125
40.92,0.5,2.583375,0.375
40.96,0.375,0.5,1
41,0.125,1.25,1.375
41.04,0.125,0.625,1.375
41.08,0.75,1,1.125
41.12,0.125,1.25,1.5
41.16,0.375,0.625,1.375
41.2,0.125,1,1.25
41.24,0.25,0.625,1.625
41.28,0.375,0.875,1.125
41.32,0.25,0.875,1.5
41.36,0.75,0.375,0.875
41.4,0.125,1.125,1.875
41.44,0.125,1.125,0.875
41.48,0.25,0.375,1.375
41.52,0.375,0.5,1.625
41.56,0.125,0.75,0.75
41.6,0.5,1,1.375
41.64,0.375,1.375,1
41.68,0.125,0.75,1.125
41.72,0.5,1.25,1.625
41.76,0.25,0.5,1.25
41.8,0.25,0.625,1.5
41.84,0.625,0.375,1.5
41.88,1.5,0.75,1.375
41.92,3.75,0.5,1.625
41.96,1.875,1.125,1.25
42,0,0.5,2.132
42.04,0.125,0.375,5.04025
42.08,0.25,0.375,3.523625
42.12,0.25,0.75,1.25
42.16,0.375,0.75,1.125
42.2,0.25,0.625,1.5
42.24,0.25,0.625,2
42.28,0,0.375,1.625
42.32,0.5,0.875,1.375
42.36,0.625,1.513875,1.625
42.4,0.375,5.5555,1.625
42.44,0.5,3.47225,0.875
42.48,0.375,1.125,1.125
42.52,0.75,0.625,0.75
42.56,0.375,0.75,1
42.6,0.375,0.375,1.875
42.64,0.375,0.25,1.875
42.68,0.5,0.875,1.125
42.72,0.5,0.75,1
42.76,0.625,0.75,0.75
42.8,0.375,1.125,1.625
42.84,0.375,0.75,0.875
42.88,0.5,1,1
42.92,0.375,1.125,1.125
42.96,0.25,1.25,1.25
43,0.625,1,0.75
43.04,0.25,0.75,0.875
43.08,0.25,0.75,1.375
43.12,0.375,0.875,1.375
43.16,0.25,0.75,1.625
43.2,0.125,1,1.125
43.24,0.5,1,1.25
43.28,0.625,0.875,1
43.32,0.5,1.125,1.25
43.36,0.375,0.5,1
43.4,0.625,1,1.375
43.44,3.75,0.875,0.625
43.48,2.125,0.875,1.5
43.52,0.25,0.5,1.879125
43.56,0.125,0.625,5.03475
43.6,0.125,0.375,3.270875
43.64,0.375,1.125,1.126375
43.68,0.75,0.75,1.875
43.72,0.25,0.5,1.5
43.76,0.125,0.875,1.75
43.8,0.75,0.5,0.875
43.84,0.25,1,1.25
43.88,0,2.083375,1.375
43.92,0.375,4.9445,0.75
43.96,0.375,2.791625,1.25
44,0.125,1.27775,1.875
44.04,0.5,1.375,1.125
44.08,0.375,1.125,1.5
44.12,0.25,0.625,1.625
44.16,0.25,0.125,1.125
44.2,0.375,0.875,1.5
44.24,0.375,0.5,1.5
44.28,0.125,0.5,1.5
44.32,0.25,0.875,0.5
44.36,0.5,1.25,1
44.4,0.375,0.625,0.75
44.44,0.25,1.5,1.25
44.48,0.25,1.125,2.125
44.52,0.375,0.625,1.625
44.56,0.75,0.625,0.875
44.6,0.25,0.5,1.125
44.64,0.125,0.875,1.5
44.68,0,1.25,1.375
44.72,0.125,0.375,0.625
44.76,0.125,0.75,0.875
44.8,0.125,0.875,0.875
44.84,0.25,0.625,1.5
44.88,0.25,0.375,1.375
44.92,1,1,1.125
44.96,3.25,0.625,2
45,2.125,0.5,1.75
45.04,0.25,0.625,1.251375
45.08,0.25,0.75,3.273625
45.12,0.375,0.75,4.413875
45.16,0.75,0.625,0.87775
45.2,0.625,0.625,1.5
45.24,0.25,0.375,1.625
45.28,0.25,0.625,0.625
45.32,0.125,1.25,1.875
45.36,0.125,1.375,1.125
45.4,0.125,0.52775,1.625
45.44,0.25,3.34725,1.125
45.48,0.5,4.90275,1.375
45.52,0.625,0.6805,1.5
45.56,0.25,0.875,0.375
45.6,0.125,0.625,1.625
45.64,0.5,1.125,1
45.68,1,0.75,1.75
45.72,0.125,0.25,1.25
45.76,0,0.375,1.25
45.8,0,0.5,1.25
45.84,0.25,1,1.75
45.88,1,0.625,0.875
45.92,0.125,0.5,1.125
45.96,0.375,0.875,0.875
46,0.625,1,2
46.04,0.125,0.75,0.5
46.08,0.5,1.25,1.125
46.12,0.75,0.625,1.125
46.16,0.5,1.25,1.5
46.2,0.25,0.75,1.5
46.24,0.25,1,1.375
46.28,0.125,1.25,1.25
46.32,0.75,1.125,1.25
46.36,0.25,0.75,1.75
46.4,0.875,0.125,0.875
46.44,0.625,0.375,0.875
46.48,2.625,0.875,1.375
46.52,3.5,1.25,1.5
46.56,0.875,0.875,1.62775
46.6,0.25,0.75,2.77225
46.64,0.125,0.875,4.536125
46.68,0.125,0.625,1.879125
46.72,0.375,0.75,1.625
46.76,0.25,0.75,1.125
46.8,0.625,0.125,1.75
46.84,0.25,1,1.875
46.88,0.75,0.625,1.375
46.92,0.125,1.5555,1.125
46.96,0.25,3.5695,2
47,0.5,4.72225,1.375
47.04,0.25,1.458375,1.375
47.08,0.375,1,1
47.12,0.25,0.625,1.5
47.16,0.25,1.25,1
47.2,0.5,0.625,1.875
47.24,0.25,1.125,1.5
47.28,0.25,0.875,1.625
47.32,0.375,0.375,1.625
47.36,0,0.75,0.625
47.4,0.25,0.75,1.125
47.44,0.25,0.625,2
47.48,0.375,0.5,1.125
47.52,0.125,0.625,1.25
47.56,0.25,0.625,1.125
47.6,0.125,1,1.25
47.64,0.125,0.875,0.875
47.68,0.5,0.875,0.875
47.72,0.5,0.5,2.25
47.76,0,0.875,1.125
47.8,0.625,0.625,2
47.84,0.375,0.5,2
47.88,0.5,1.125,1.625
47.92,0.5,1.375,1.875
47.96,0.625,0.5,1
48,2.375,0.125,1.5
48.04,3.625,1,1.5
48.08,0.75,0.75,1.625
48.12,0.375,0.75,2.26525
48.16,0.375,0.875,6.936125
48.2,0.25,0.875,2.00275
48.24,0.5,0.75,1.375
48.28,0.125,0.5,1.625
48.32,0.25,1,1.75
48.36,0.25,0.5,1.5
48.4,0.25,1,1
48.44,0.125,0.5,1
48.48,0.25,2.4305,1.25
48.52,0.375,7.34725,2
48.56,0.625,1.1805,0.875
48.6,0.125,0.5,1.375
48.64,0.125,0.625,1.625
48.68,0.375,0.5,1.375
48.72,0.375,0.75,0.75
48.76,0.375,1,1
48.8,0.875,1.375,1.5
48.84,0.375,1.125,1.625
48.88,0.625,0.625,1
48.92,0.5,0.625,1.5
48.96,0.5,0.75,1.125
49,0.375,0.625,1
49.04,0.375,1.125,1.25
49.08,0.125,0.875,2.5
49.12,0,0.5,2.25
49.16,0.625,0.625,1
49.2,0.375,1,1.75
49.24,0.25,0.5,1.125
49.28,0.375,1.375,1
49.32,0.5,0.5,1.875
49.36,0.375,0.875,1.25
49.4,0.375,0.5,1
49.44,0,0.5,1.5
49.48,0.25,0.75,1.125
49.52,1.75,0.875,1.75
49.56,5.75,0.625,0.875
49.6,0.875,1.5,1
49.64,0.25,0.25,2.888875
49.68,0.5,0.625,6.176375
49.72,0.125,0.625,2.888875
49.76,1.125,0.5,2
49.8,0.125,1,0.75
49.84,0.125,0.75,1.125
49.88,0.625,0.75,1
49.92,0.375,0.75,0.5
49.96,0.375,0.625,1.625
50,0.125,2.77775,1.5
50.04,0.25,6.40275,1.75
50.08,0.625,2.52775,1.25
50.12,0.625,1.125,0.375
50.16,0.25,1.5,1.5
50.2,0.5,1.125,1.25
50.24,0.125,0.625,1
50.28,0.75,1.375,1.625
50.32,0.375,0.5,2
50.36,0.25,0.75,1.5
50.4,0.125,0.25,1.375
50.44,0.375,1,1.75
50.48,0.125,1.125,1.25
50.52,0.375,0.875,1
50.56,0.25,0.75,0.875
50.6,0.375,0.375,0.875
50.64,0.5,1.125,0.75
50.68,0.5,1.125,1.5
50.72,0.125,2,1
50.76,0.25,0.75,1
50.8,0.25,0.75,1.25
50.84,0.5,1.375,1.625
50.88,0.5,0.5,1.25
50.92,0.125,0.25,0.625
50.96,0.625,1.125,1.5
51,0,1.5,1
51.04,1.75,1.375,1.125
51.08,5,1,1.75
51.12,1.75,1,1.751375
51.16,0.5,0.625,2.5125
51.2,0.25,1.125,4.791625
51.24,0.5,1,2.51525
51.28,0.25,0.75,1.75
51.32,0.625,1.25,0.5
51.36,0.375,0.375,0.75
51.4,0.875,0.875,1.5
51.44,0,0.875,1.625
51.48,0.25,0.90275,1.25
51.52,0.625,2,1.5
51.56,0.125,5.708375,1.75
51.6,0.5,2.6805,1.125
51.64,0.125,1.5,1.125
51.68,0.25,1.375,1.875
51.72,0.5,1.25,1.75
51.76,0.375,0.625,1.25
51.8,0.25,1,1.375
51.84,0.25,1,0.875
51.88,0.375,0.5,1.375
51.92,0.25,0.25,1.875
51.96,0.375,1.625,1
52,0.125,0.375,1.5
52.04,0.5,0.625,1.125
52.08,0.375,0.75,1.5
52.12,0.125,0.5,0.875
52.16,0.25,0.5,1.625
52.2,0.25,0.75,0.75
52.24,0.5,0.875,0.875
52.28,0,0.75,1.125
52.32,0.625,0.5,1
52.36,0.25,0.75,1.25
52.4,1.125,0.5,0.625
52.44,0.25,0.75,2.5
52.48,0.25,0.875,0.75
52.52,0.375,1,0.625
52.56,1.25,1.125,1.125
52.6,3.875,1,1
52.64,1.625,1.125,1.125
52.68,0.375,0.5,1.254125
52.72,0.375,0.875,4.7875
52.76,0.25,0.625,2.64025
52.8,0,0.875,1.626375
52.84,0.5,0.875,0.625
52.88,0.25,0.75,1.5
52.92,0,0.25,0.875
52.96,0.5,0.625,1.125
53,0.375,0.625,0.875
53.04,0.375,0.833375,1.125
53.08,0.5,5.375,1
53.12,0.375,2.1805,1.25
53.16,0.25,1.02775,2.125
53.2,0.125,0.625,1.875
53.24,0.25,1.125,1.5
53.28,0.5,0.75,0.75
53.32,0.125,0.875,1.375
53.36,0.5,0.75,1.75
53.4,0.125,1.375,1.625
53.44,0.25,1,1.125
53.48,0,0.375,1.5
53.52,0.25,1.75,1.125
53.56,0.125,0.5,1.25
53.6,0.75,0.5,2.375
53.64,0.375,0.875,1.5
53.68,0.25,0.625,0.75
53.72,0.375,0.875,1.75
53.76,0.25,0.75,1.75
53.8,0.5,0.875,1.125
53.84,0.625,1.25,0.875
53.88,0.25,0.875,1
53.92,0.75,1,1.25
53.96,0.25,1.375,1.5
54,0.625,1.375,1.5
54.04,0.25,1,1
54.08,0.375,1,1.5
54.12,3.875,0.625,2
54.16,1.375,1,1.375
54.2,0.25,1.375,1.876375
54.24,0.75,0.75,6.173625
54.28,0.375,0.625,3.1445
54.32,0.5,0.375,1.875
54.36,0.125,1.125,1.875
54.4,0.125,0.25,1.875
54.44,0.25,0.875,1.25
54.48,0.5,1.125,1.5
54.52,0.5,0.125,0.875
54.56,0.375,1.02775,0.75
54.6,0,6.09725,0.375
54.64,0.25,3.138875,1.375
54.68,0.5,0.5,1.125
54.72,0.375,0.75,1.375
54.76,0.375,0.625,1.25
54.8,0.125,1.25,0.625
54.84,0.375,0.875,1.75
54.88,0.125,1,1.25
54.92,0.125,0.75,1.375
54.96,0.375,1,0.875
55,0.875,0.375,1.25
55.04,0.375,1.25,1.5
55.08,0.375,0.25,1.5
55.12,0.75,0.5,0.5
55.16,0,0.375,0.625
55.2,0.5,0.25,1.625
55.24,0.25,0.875,1.125
55.28,0.25,0.875,0.75
55.32,0.25,1.375,1.25
55.36,0.375,0.75,1.625
55.4,0.25,1.25,1.75
55.44,0.5,0.875,0.75
55.48,0.375,0.875,1.875
55.52,0.25,0.5,2.125
55.56,0.25,0.75,1
55.6,0.25,0.75,1.125
55.64,5.125,1.125,1.625
55.68,1.875,0.75,1.75
55.72,0.25,1.25,1.62775
55.76,0.625,0.75,3.52775
55.8,0.25,1.125,4.407
55.84,0.125,1.125,1.751375
55.88,0.5,1,1.25
55.92,0.25,0.5,1.5
55.96,0.125,0.75,0.875
56,0.125,0.875,1.75
56.04,0.375,0.5,1.375
56.08,0.25,0.8055,1.625
56.12,0.375,3.5555,1.75
56.16,0.5,5.138875,1.75
56.2,0.25,1.27775,2.375
56.24,0.5,0.875,0.625
56.28,0.5,0.5,1.125
56.32,0,0.375,1.75
56.36,0.875,0.625,1.25
56.4,0.25,0.75,1.625
56.44,0.375,0.5,1.25
56.48,0.5,0.875,1.5
56.52,0.375,0.875,1.5
56.56,0.25,1,0.5
56.6,0.125,0.875,1.125
56.64,0.125,0.125,0.75
56.68,0.625,0.625,0.75
56.72,0.375,0.625,1.875
56.76,0.75,0.125,2.125
56.8,0.75,0.5,1.125
56.84,0.625,0.75,1.625
56.88,0.125,0.875,1.875
56.92,0.375,0.625,1.125
56.96,0.375,1.25,2
57,0.875,0.625,1.125
57.04,0.125,0.75,1.25
57.08,0.5,0.375,1.75
57.12,0.375,0.375,1.5
57.16,3.125,0.75,1
57.2,3,0.75,1.125
57.24,0.75,1.375,1.375
57.28,0.125,0.25,3.01525
57.32,0.375,0.5,3.276375
57.36,0.125,0.75,1.87775
57.4,0.625,1.125,0.625
57.44,0.625,0.875,2
57.48,0.25,0.5,1.125
57.52,0.375,1.125,1
57.56,0.5,1,1
57.6,0.25,0.375,1.125
57.64,0.5,3.0555,0.875
57.68,0.375,4.15275,1.5
57.72,0.5,0.8055,1.625
57.76,0.125,0.875,1.75
57.8,0.75,0.625,1.25
57.84,0.5,0.375,1.125
57.88,0.125,1.125,1.375
57.92,0.25,1.5,0.875
57.96,0.5,1.375,1
58,0.5,0.375,1.875
58.04,0.375,1,0.75
58.08,0.125,1,0.875
58.12,0.25,1,0.625
58.16,0.5,1.125,1.5
58.2,0.125,1.25,1.25
58.24,0.125,1.125,1.875
58.28,0.125,0.5,1.625
58.32,0.75,1.25,1.875
58.36,0.375,0.875,1
58.4,0.375,0.375,2.25
58.44,0.625,0.625,1.875
58.48,0.375,0.75,0.875
58.52,0.375,0.75,1.75
58.56,0.125,0.75,1
58.6,0.125,1,1.5
58.64,0.375,0.875,0.5
58.68,2,0.75,0.875
58.72,2.75,0.75,1.375
58.76,0.625,0.875,1.125
58.8,0.75,0.375,5.28475
58.84,0.5,0.875,4.666625
58.88,0.375,0.75,1.125
58.92,0.125,0.75,1.375
58.96,0.75,0.375,1.5
59,0.125,0.875,1.125
59.04,0.25,1,1.75
59.08,0.125,0.875,0.875
59.12,0.25,1.5,1.25
59.16,0.5,5.4445,1
59.2,0.125,5.583375,0.875
59.24,0.125,1.125,0.625
59.28,0.25,1,0.875
59.32,0,1.125,1.375
59.36,0.375,0.75,0.875
59.4,0.5,0.625,1.625
59.44,0,0.5,1.5
59.48,0.125,0.625,1.125
59.52,0.375,0.875,0.875
59.56,0.375,0.5,0.875
59.6,0.125,1.125,1.375
59.64,0.125,0.5,1.5
59.68,0.375,0.5,1.125
59.72,0.125,0.5,1.75
59.76,0.25,0.5,2.25
59.8,0.5,0.75,1.75
59.84,0.5,0.875,1.625
59.88,0.375,1.375,1.25
59.92,0.375,1,1.125
59.96,0.375,0.75,1.375
60,0.125,0.75,1.25
60.04,0.25,0.625,0.75
60.08,0.125,1,1.125
60.12,0.375,1,1.375
60.16,0.25,0.875,1.375
60.2,3.5,0.375,2
60.24,4.125,0.25,1.125
60.28,0.375,0.5,1
60.32,0.625,0.625,1.75975
60.36,0.75,0.875,5.04025
60.4,0.5,0.625,2.633375
60.44,0.5,0.5,1.625
60.48,0.125,0.625,1.375
60.52,0.375,0.625,0.875
60.56,0.25,1.25,1.5
60.6,0.375,0.75,1.875
60.64,0.5,1.25,1.5
60.68,0.625,1.6945,1.5
60.72,0.375,5.6805,1.75
60.76,0.5,1.541625,1.25
60.8,0.5,0.75,1
60.84,0.5,0.625,2
60.88,0.25,0.75,1.25
60.92,0.5,1.125,0.625
60.96,0.375,1.125,1.75
61,0.125,0.75,0.875
61.04,0.125,0.625,1
61.08,0.5,0.875,1.5
61.12,0.125,0.25,1.125
61.16,0.25,1.25,2.25
61.2,0.375,0.375,1.375
61.24,0,0.875,0.875
61.28,0.375,1.125,2.5
61.32,0.25,0.75,1.625
61.36,0.375,1.75,1
61.4,0.375,0.375,1.125
61.44,0.25,0.625,1
61.48,0.25,1.125,0.75
61.52,0,1.25,1.375
61.56,0.125,1.125,2.375
61.6,0.125,0.5,2
61.64,0.875,0.625,1.375
61.68,0.125,0.5,1.625
61.72,1,0.375,1.625
61.76,4,0.75,1.25
61.8,1.125,0.5,0.625
61.84,0.25,0.625,1.886125
61.88,0.375,0.375,6.048625
61.92,0.5,1.375,1.8805
61.96,0.375,0.875,1.125
62,0.625,0.875,1.375
62.04,0.125,0.375,1
62.08,0.5,1.125,1.625
62.12,0.25,0.75,1.5
62.16,0.125,1,0.5
62.2,0.25,1.72225,1.5
62.24,0,6.22225,0.5
62.28,0.125,1.736125,2
62.32,0.25,0.25,1
62.36,0.375,0.75,1.75
62.4,0.25,0.875,1.25
62.44,0.5,1.125,0.875
62.48,0.125,0.625,0.875
62.52,0.375,0.625,1.25
62.56,0.25,0.5,1.25
62.6,0.5,1.125,1.5
62.64,0.375,0.875,1.25
62.68,0.375,1,1.375
62.72,0.125,1,1.625
62.76,0.5,0.625,1
62.8,0.875,0.75,1.375
62.84,0.25,0.625,2
62.88,0.125,1.375,1.125
62.92,0.25,1.25,1
62.96,0.375,1.375,1.375
63,0.125,0.75,1.625
63.04,0.375,0.5,1.375
63.08,0.25,0.625,2.375
63.12,0.25,1.125,1
63.16,0.625,0.875,1.25
63.2,0.625,0.625,1.25
63.24,1.625,1.375,1
63.28,4.625,0.75,2.25
63.32,0.875,0.875,0.875
63.36,0.375,1.375,2.38475
63.4,0.625,0.25,4.4055
63.44,0.375,0.75,1.386125
63.48,0.625,1,1.376375
63.52,0.125,1,1.75
63.56,0.125,0.75,1.125
63.6,0.375,0.5,1
63.64,0.625,0.5,1.375
63.68,0.125,0.625,2.125
63.72,0.125,2.1945,1.125
63.76,0.625,4.236125,1.375
63.8,0.125,2.72225,1.375
63.84,0.625,0.90275,1
63.88,0.375,0.625,1.625
63.92,0,0.75,0.75
63.96,0,0.25,1.75
64,0.125,0.625,1.875
